company,MMM
company,AOS
company,ABT
company,ABBV
company,ACN
company,ATVI
company,AYI
company,ADBE
company,AAP
company,AMD
company,AES
company,AET
company,AMG
company,AFL
company,A
company,APD
company,AKAM
company,ALK
company,ALB
company,ARE
company,ALXN
company,ALGN
company,ALLE
company,AGN
company,ADS
company,LNT
company,ALL
company,GOOGL
company,GOOG
company,MO
company,AMZN
company,AEE
company,AAL
company,AEP
company,AXP
company,AIG
company,AMT
company,AWK
company,AMP
company,ABC
company,AME
company,AMGN
company,APH
company,APC
company,ADI
company,ANDV
company,ANSS
company,ANSYS
company,ANTM
company,AON
company,APA
company,AIV
company,AAPL
company,AMAT
company,APTV
company,ADM
company,ARNC
company,AJG
company,AIZ
company,T
company,ADSK
company,ADP
company,AZO
company,AVB
company,AVY
company,BHGE
company,BLL
company,BAC
company,BAX
company,BBT
company,BDX
company,BRK.B
company,BBY
company,BIIB
company,BLK
company,HRB
company,BA
company,BKNG
company,BWA
company,BXP
company,BSX
company,BHF
company,BMY
company,AVGO
company,BF.B
company,CHRW
company,CA
company,COG
company,CDNS
company,CPB
company,COF
company,CAH
company,KMX
company,CCL
company,CAT
company,CBOE
company,CBRE
company,CBS
company,CELG
company,CNC
company,CNP
company,CTL
company,CERN
company,CF
company,SCHW
company,CHTR
company,CVX
company,CMG
company,CB
company,CHD
company,CI
company,XEC
company,CINF
company,CTAS
company,CSCO
company,C
company,CFG
company,CTXS
company,CME
company,CMS
company,KO
company,CTSH
company,CL
company,CMCSA
company,CMA
company,CAG
company,CXO
company,COP
company,ED
company,STZ
company,GLW
company,COST
company,COTY
company,CCI
company,CSRA
company,CSX
company,CMI
company,CVS
company,DHI
company,DHR
company,DRI
company,DVA
company,DE
company,DAL
company,XRAY
company,DVN
company,DLR
company,DFS
company,DISCA
company,DISCK
company,DISH
company,DG
company,DLTR
company,D
company,DOV
company,DWDP
company,DPS
company,DTE
company,DUK
company,DRE
company,DXC
company,ETFC
company,EMN
company,ETN
company,EBAY
company,ECL
company,EIX
company,EW
company,EA
company,EMR
company,ETR
company,EVHC
company,EOG
company,EQT
company,EFX
company,EQIX
company,EQR
company,ESS
company,EL
company,RE
company,ES
company,EXC
company,EXPE
company,EXPD
company,ESRX
company,EXR
company,XOM
company,FFIV
company,FB
company,FAST
company,FRT
company,FDX
company,FIS
company,FITB
company,FE
company,FISV
company,FLIR
company,FLS
company,FLR
company,FMC
company,FL
company,F
company,FTV
company,FBHS
company,BEN
company,FCX
company,GPS
company,GRMN
company,IT
company,GD
company,GE
company,GGP
company,GIS
company,GM
company,GPC
company,GILD
company,GPN
company,GS
company,GT
company,GWW
company,HAL
company,HBI
company,HOG
company,HRS
company,HIG
company,HAS
company,HCA
company,HCP
company,HP
company,HSIC
company,HES
company,HPE
company,HLT
company,HOLX
company,HD
company,HON
company,HRL
company,HST
company,HPQ
company,HUM
company,HBAN
company,HII
company,IDXX
company,INFO
company,ITW
company,ILMN
company,INCY
company,IR
company,INTC
company,ICE
company,IBM
company,IP
company,IPG
company,IFF
company,INTU
company,ISRG
company,IVZ
company,IPGP
company,IQV
company,IRM
company,JBHT
company,JEC
company,SJM
company,JNJ
company,JCI
company,JPM
company,JNPR
company,KSU
company,K
company,KEY
company,KMB
company,KIM
company,KMI
company,KLAC
company,KSS
company,KHC
company,KR
company,LB
company,LLL
company,LH
company,LRCX
company,LEG
company,LEN
company,LUK
company,LLY
company,LNC
company,LKQ
company,LMT
company,L
company,LOW
company,LYB
company,MTB
company,MAC
company,M
company,MRO
company,MPC
company,MAR
company,MMC
company,MLM
company,MAS
company,MA
company,MAT
company,MKC
company,MCD
company,MCK
company,MDT
company,MRK
company,MET
company,MTD
company,MGM
company,KORS
company,MCHP
company,MU
company,MSFT
company,MAA
company,MHK
company,TAP
company,MDLZ
company,MON
company,MNST
company,MCO
company,MS
company,MSI
company,MYL
company,NDAQ
company,NOV
company,NAVI
company,NKTR
company,NTAP
company,NFLX
company,NWL
company,NFX
company,NEM
company,NWSA
company,NWS
company,NEE
company,NLSN
company,NKE
company,NI
company,NBL
company,JWN
company,NSC
company,NTRS
company,NOC
company,NCLH
company,NRG
company,NUE
company,NVDA
company,ORLY
company,OXY
company,OMC
company,OKE
company,ONEOK
company,ORCL
company,PCAR
company,PKG
company,PH
company,PAYX
company,PYPL
company,PNR
company,PBCT
company,PEP
company,PKI
company,PRGO
company,PFE
company,PCG
company,PM
company,PSX
company,PNW
company,PXD
company,PNC
company,RL
company,PPG
company,PPL
company,PX
company,PFG
company,PG
company,PGR
company,PLD
company,PRU
company,PEG
company,PSA
company,PHM
company,PVH
company,QRVO
company,Qorvo
company,QCOM
company,PWR
company,DGX
company,RRC
company,RJF
company,RTN
company,O
company,RHT
company,REG
company,REGN
company,RF
company,RSG
company,RMD
company,RHI
company,ROK
company,COL
company,ROP
company,ROST
company,RCL
company,SPGI
company,CRM
company,SBAC
company,SCG
company,SLB
company,STX
company,SEE
company,SRE
company,SHW
company,SPG
company,SWKS
company,SLG
company,SNA
company,SO
company,LUV
company,SWK
company,SBUX
company,STT
company,SRCL
company,SYK
company,STI
company,SIVB
company,SYMC
company,SYF
company,SNPS
company,SYY
company,TROW
company,TTWO
company,TPR
company,TGT
company,TEL
company,FTI
company,TXN
company,TXT
company,BK
company,CLX
company,COO
company,HSY
company,MOS
company,TRV
company,DIS
company,TMO
company,TIF
company,TWX
company,TJX
company,TMK
company,TSS
company,TSCO
company,TDG
company,TRIP
company,FOXA
company,FOX
company,TSN
company,USB
company,UDR
company,ULTA
company,UAA
company,UA
company,UNP
company,UAL
company,UNH
company,UPS
company,URI
company,UTX
company,UHS
company,UNM
company,VFC
company,VLO
company,VAR
company,VTR
company,VRSN
company,VRSK
company,VZ
company,VRTX
company,VIAB
company,V
company,VNO
company,VMC
company,WMT
company,WBA
company,WM
company,WAT
company,WEC
company,WFC
company,WELL
company,WDC
company,WU
company,WRK
company,WY
company,WHR
company,WMB
company,WLTW
company,WYN
company,WYNN
company,XEL
company,XRX
company,XLNX
company,XL
company,XYL
company,YUM
company,ZBH
company,ZION
company,ZTS